Company Name,Role,Headquarters,Website,Why competitor / Notes
Sabinsa Corporation,ingredient_supplier,USA/India,https://www.sabinsa.com,Branded botanical extracts and nutraceutical ingredients with global clinical evidence and B2B sales
Indena S.p.A.,ingredient_supplier,Italy,https://www.indena.com,Established European botanical ingredient supplier with strong R&D and regulatory dossiers
Layn Natural Ingredients,ingredient_supplier,China,https://www.layncorp.com,Large-scale global supplier of botanical extracts and active ingredients for nutraceuticals
Synthite Industries Ltd.,ingredient_supplier,India,https://www.synthite.com,Major Indian player in spice & plant extract manufacturing (global B2B supply)
Euromed S.A.,ingredient_supplier,Spain,https://www.euromed-sa.com,European botanical extract specialist with clinical and standardised extracts
PLT Health Solutions,ingredient_supplier,USA,https://plthealth.com,Botanical ingredient developer and supplier focused on branded extracts
Givaudan (Nutrition & Health),ingredient_supplier,Switzerland,https://www.givaudan.com,Large global ingredient/active health business (Naturex acquisition path); strong global reach and formulations
Kappa Bioscience,ingredient_supplier,Norway,https://www.kappabio.com,Specialist in carotenoids and actives used by nutraceutical ingredient companies
AIDP,ingredient_supplier,USA,https://www.aidp.com,Specialty ingredients and branded ingredient distribution (supplier network)
Indus Biotech / Arjuna (Note),ingredient_supplier,India,https://www.arjunanatural.com,Arjuna is an Indian ingredient supplier (included if you want local peer coverage)
